date;orders
03.08.2018;921
02.08.2018;818
01.08.2018;775
31.07.2018;739
30.07.2018;784
29.07.2018;1068
28.07.2018;1236
27.07.2018;878
26.07.2018;823
25.07.2018;865
24.07.2018;804
23.07.2018;792
22.07.2018;1236
21.07.2018;1204
20.07.2018;1079
19.07.2018;988
18.07.2018;834
17.07.2018;804
16.07.2018;887
15.07.2018;1252
14.07.2018;1345
13.07.2018;1098
12.07.2018;845
11.07.2018;921
10.07.2018;859
09.07.2018;768
08.07.2018;1406
07.07.2018;1272
06.07.2018;1090
05.07.2018;876
04.07.2018;947
03.07.2018;803
02.07.2018;914
01.07.2018;1327
30.06.2018;1543
29.06.2018;1103
28.06.2018;795
27.06.2018;755
26.06.2018;824
25.06.2018;799
24.06.2018;1223
23.06.2018;1234
22.06.2018;995
21.06.2018;874
20.06.2018;773
19.06.2018;885
18.06.2018;842
17.06.2018;1267
16.06.2018;1175
15.06.2018;999
14.06.2018;862
13.06.2018;790
12.06.2018;1290
11.06.2018;1128
10.06.2018;1368
09.06.2018;1246
08.06.2018;1067
07.06.2018;867
06.06.2018;903
05.06.2018;788
04.06.2018;844
03.06.2018;1180
02.06.2018;1288
01.06.2018;1263
31.05.2018;927
30.05.2018;795
29.05.2018;783
28.05.2018;783
27.05.2018;1198
26.05.2018;1289
25.05.2018;1094
24.05.2018;804
23.05.2018;729
22.05.2018;782
21.05.2018;632
20.05.2018;1430
19.05.2018;1530
18.05.2018;1326
17.05.2018;821
16.05.2018;815
15.05.2018;821
14.05.2018;767
13.05.2018;1240
12.05.2018;1233
11.05.2018;965
10.05.2018;860
09.05.2018;1397
08.05.2018;988
07.05.2018;708
06.05.2018;1315
05.05.2018;1250
04.05.2018;981
03.05.2018;765
02.05.2018;1229
01.05.2018;1133
30.04.2018;1088
29.04.2018;1410
28.04.2018;1325
27.04.2018;813
26.04.2018;1012
25.04.2018;828
24.04.2018;756
23.04.2018;796
22.04.2018;1550
21.04.2018;1826
20.04.2018;1196
19.04.2018;886
18.04.2018;924
17.04.2018;794
16.04.2018;769
15.04.2018;1335
14.04.2018;1558
13.04.2018;1203
12.04.2018;854
11.04.2018;894
10.04.2018;828
09.04.2018;751
08.04.2018;1132
07.04.2018;1669
06.04.2018;1341
05.04.2018;893
04.04.2018;926
03.04.2018;855
02.04.2018;868
01.04.2018;1539
31.03.2018;1715
30.03.2018;1346
29.03.2018;964
28.03.2018;960
27.03.2018;930
26.03.2018;798
25.03.2018;1450
24.03.2018;1593
23.03.2018;1397
22.03.2018;896
21.03.2018;886
20.03.2018;775
19.03.2018;809
18.03.2018;1351
17.03.2018;1623
16.03.2018;1255
15.03.2018;881
14.03.2018;814
13.03.2018;716
12.03.2018;739
11.03.2018;1223
10.03.2018;1402
09.03.2018;1365
08.03.2018;1151
07.03.2018;1768
06.03.2018;940
05.03.2018;872
04.03.2018;1626
03.03.2018;1731
02.03.2018;1421
01.03.2018;1045
28.02.2018;1016
27.02.2018;829
26.02.2018;829
25.02.2018;1442
24.02.2018;1590
23.02.2018;1600
22.02.2018;1118
21.02.2018;938
20.02.2018;859
19.02.2018;785
18.02.2018;1439
17.02.2018;1669
16.02.2018;1410
15.02.2018;799
14.02.2018;1424
13.02.2018;762
12.02.2018;739
11.02.2018;1479
10.02.2018;1838
09.02.2018;1404
08.02.2018;914
07.02.2018;854
06.02.2018;759
05.02.2018;787
04.02.2018;1430
03.02.2018;1608
02.02.2018;1222
01.02.2018;808
31.01.2018;793
30.01.2018;737
29.01.2018;718
28.01.2018;1312
27.01.2018;1475
26.01.2018;1199
25.01.2018;864
24.01.2018;764
23.01.2018;630
22.01.2018;701
21.01.2018;1311
20.01.2018;1564
19.01.2018;1289
18.01.2018;858
17.01.2018;808
16.01.2018;740
15.01.2018;760
14.01.2018;1294
13.01.2018;1657
12.01.2018;1178
11.01.2018;771
10.01.2018;761
09.01.2018;758
08.01.2018;1228
07.01.2018;1305
06.01.2018;1378
05.01.2018;1183
04.01.2018;1211
03.01.2018;1280
02.01.2018;1256
01.01.2018;1090
31.12.2017;1226
30.12.2017;1388
29.12.2017;1687
28.12.2017;1245
27.12.2017;1077
26.12.2017;959
25.12.2017;870
24.12.2017;1384
23.12.2017;1748
22.12.2017;1275
21.12.2017;864
20.12.2017;896
19.12.2017;777
18.12.2017;792
17.12.2017;1432
16.12.2017;1709
15.12.2017;1181
14.12.2017;882
13.12.2017;801
12.12.2017;692
11.12.2017;772
10.12.2017;1403
09.12.2017;1747
08.12.2017;1333
07.12.2017;903
06.12.2017;815
05.12.2017;713
04.12.2017;616
03.12.2017;1274
02.12.2017;1626
01.12.2017;1277
30.11.2017;766
29.11.2017;645
28.11.2017;606
27.11.2017;651
26.11.2017;1211
25.11.2017;1376
24.11.2017;1203
23.11.2017;740
22.11.2017;683
21.11.2017;664
20.11.2017;647
19.11.2017;1281
18.11.2017;1408
17.11.2017;1135
16.11.2017;755
15.11.2017;691
14.11.2017;745
13.11.2017;630
12.11.2017;1122
11.11.2017;1448
10.11.2017;1163
09.11.2017;683
08.11.2017;652
07.11.2017;651
06.11.2017;988
05.11.2017;1312
04.11.2017;1354
03.11.2017;1208
02.11.2017;771
01.11.2017;769
31.10.2017;720
30.10.2017;651
29.10.2017;1189
28.10.2017;1313
27.10.2017;1051
26.10.2017;704
25.10.2017;657
24.10.2017;624
23.10.2017;595
22.10.2017;1093
21.10.2017;1298
20.10.2017;1138
19.10.2017;655
18.10.2017;665
17.10.2017;617
16.10.2017;559
15.10.2017;1207
14.10.2017;1376
13.10.2017;1092
12.10.2017;650
11.10.2017;641
10.10.2017;592
09.10.2017;591
08.10.2017;1025
07.10.2017;1295
06.10.2017;1217
05.10.2017;780
04.10.2017;694
03.10.2017;690
02.10.2017;615
01.10.2017;1182
30.09.2017;1218
29.09.2017;956
28.09.2017;690
27.09.2017;662
26.09.2017;553
25.09.2017;566
24.09.2017;1024
23.09.2017;1152
22.09.2017;922
21.09.2017;617
20.09.2017;609
19.09.2017;589
18.09.2017;552
17.09.2017;1121
16.09.2017;1215
15.09.2017;1117
14.09.2017;654
13.09.2017;600
12.09.2017;599
11.09.2017;566
10.09.2017;1035
09.09.2017;1267
08.09.2017;1021
07.09.2017;647
06.09.2017;659
05.09.2017;695
04.09.2017;564
03.09.2017;933
02.09.2017;1068
01.09.2017;1113
31.08.2017;724
30.08.2017;677
29.08.2017;646
28.08.2017;729
27.08.2017;973
26.08.2017;1046
25.08.2017;804
24.08.2017;681
23.08.2017;740
22.08.2017;551
21.08.2017;581
20.08.2017;857
19.08.2017;882
18.08.2017;778
17.08.2017;559
16.08.2017;625
15.08.2017;630
14.08.2017;614
13.08.2017;848
12.08.2017;822
11.08.2017;765
10.08.2017;618
09.08.2017;584
08.08.2017;542
07.08.2017;556
06.08.2017;827
05.08.2017;819
04.08.2017;764
03.08.2017;612
02.08.2017;612
01.08.2017;533
31.07.2017;561
30.07.2017;991
29.07.2017;758
28.07.2017;689
27.07.2017;589
26.07.2017;539
25.07.2017;548
24.07.2017;591
23.07.2017;825
22.07.2017;854
21.07.2017;830
20.07.2017;617
19.07.2017;581
18.07.2017;587
17.07.2017;605
16.07.2017;881
15.07.2017;921
14.07.2017;895
13.07.2017;670
12.07.2017;764
11.07.2017;597
10.07.2017;623
09.07.2017;950
08.07.2017;1150
07.07.2017;944
06.07.2017;650
05.07.2017;672
04.07.2017;617
03.07.2017;639
02.07.2017;1120
01.07.2017;878
30.06.2017;1074
29.06.2017;631
28.06.2017;622
27.06.2017;622
26.06.2017;642
25.06.2017;907
24.06.2017;1009
23.06.2017;897
22.06.2017;670
21.06.2017;692
20.06.2017;622
19.06.2017;679
18.06.2017;871
17.06.2017;1017
16.06.2017;968
15.06.2017;701
14.06.2017;646
13.06.2017;694
12.06.2017;935
11.06.2017;907
10.06.2017;1024
09.06.2017;796
08.06.2017;619
07.06.2017;604
06.06.2017;578
05.06.2017;686
04.06.2017;1055
03.06.2017;1120
02.06.2017;940
01.06.2017;660
31.05.2017;691
30.05.2017;556
29.05.2017;650
28.05.2017;984
27.05.2017;1068
26.05.2017;865
25.05.2017;736
24.05.2017;618
23.05.2017;554
22.05.2017;551
21.05.2017;1020
20.05.2017;951
19.05.2017;821
18.05.2017;556
17.05.2017;610
16.05.2017;570
15.05.2017;491
14.05.2017;884
13.05.2017;996
12.05.2017;851
11.05.2017;588
10.05.2017;629
09.05.2017;1093
08.05.2017;1210
07.05.2017;883
06.05.2017;888
05.05.2017;751
04.05.2017;509
03.05.2017;450
02.05.2017;437
01.05.2017;760
30.04.2017;783
29.04.2017;792
28.04.2017;902
27.04.2017;570
26.04.2017;459
25.04.2017;447
24.04.2017;421
23.04.2017;882
22.04.2017;1115
21.04.2017;833
20.04.2017;467
19.04.2017;516
18.04.2017;481
17.04.2017;474
16.04.2017;884
15.04.2017;965
14.04.2017;772
13.04.2017;584
12.04.2017;538
11.04.2017;411
10.04.2017;423
09.04.2017;830
08.04.2017;1097
07.04.2017;902
06.04.2017;435
05.04.2017;478
04.04.2017;392
03.04.2017;420
02.04.2017;828
01.04.2017;1001
31.03.2017;747
30.03.2017;524
29.03.2017;485
28.03.2017;461
27.03.2017;501
26.03.2017;844
25.03.2017;953
24.03.2017;795
23.03.2017;496
22.03.2017;474
21.03.2017;448
20.03.2017;428
19.03.2017;850
18.03.2017;902
17.03.2017;612
16.03.2017;443
15.03.2017;400
14.03.2017;366
13.03.2017;365
12.03.2017;742
11.03.2017;838
10.03.2017;654
09.03.2017;458
08.03.2017;1432
07.03.2017;1027
06.03.2017;492
05.03.2017;782
04.03.2017;993
03.03.2017;740
02.03.2017;542
01.03.2017;549
28.02.2017;444
27.02.2017;433
26.02.2017;775
25.02.2017;837
24.02.2017;953
23.02.2017;1197
22.02.2017;797
21.02.2017;535
20.02.2017;473
19.02.2017;957
18.02.2017;1168
17.02.2017;828
16.02.2017;520
15.02.2017;548
14.02.2017;947
13.02.2017;475
12.02.2017;912
11.02.2017;1147
10.02.2017;889
09.02.2017;365
08.02.2017;491
07.02.2017;499
06.02.2017;499
05.02.2017;857
04.02.2017;1103
03.02.2017;948
02.02.2017;521
01.02.2017;537
31.01.2017;507
30.01.2017;479
29.01.2017;936
28.01.2017;1042
27.01.2017;861
26.01.2017;572
25.01.2017;637
24.01.2017;535
23.01.2017;520
22.01.2017;891
21.01.2017;1214
20.01.2017;924
19.01.2017;617
18.01.2017;597
17.01.2017;565
16.01.2017;511
15.01.2017;1085
14.01.2017;1224
13.01.2017;1169
12.01.2017;582
11.01.2017;577
10.01.2017;585
09.01.2017;592
08.01.2017;1089
07.01.2017;1260
06.01.2017;1163
05.01.2017;849
04.01.2017;989
03.01.2017;951
02.01.2017;878
01.01.2017;823
